ad_group_type,count,total_keywords,total_daily_budget,avg_cpc,avg_target_cpa
brand,1,98,125.0,5.46540462307372,58.44897959183683
category,1,70,75.0,3.9240300000000006,83.28571428571438
competitor,1,6,40.0,3.90885,84.0
location,1,11,50.0,3.5534999999999997,70.0
long_tail,1,46,25.0,2.842800000000001,76.99999999999996
