ad_group_type,count,total_keywords,total_daily_budget,avg_cpc,avg_target_cpa
brand,1,88,125.0,5.420370867768595,57.63636363636373
category,1,49,75.0,3.9362324031653486,84.08163265306125
competitor,1,7,40.0,4.047955102040817,89.14285714285715
location,1,7,50.0,3.5534999999999997,70.0
long_tail,1,55,25.0,2.842800000000001,77.00000000000003
